{
    "padding": 8,
    "resource_pack_name": "vanilla",
    "texture_data": {
        "hopper_outside_west": {
            "textures": [
                "textures/blocks/hopper_outside",
                "textures/blocks/hopper_outside",
                "textures/blocks/hopper_outside/hopper_outside_left",
                "textures/blocks/hopper_outside/hopper_outside_right",
                "textures/blocks/hopper_outside",
                "textures/blocks/hopper_outside",
                "textures/blocks/hopper_outside",
                "textures/blocks/hopper_outside",
                "textures/blocks/hopper_outside",
                "textures/blocks/hopper_outside",
                "textures/blocks/hopper_outside/hopper_outside_left_powered",
                "textures/blocks/hopper_outside/hopper_outside_right_powered",
                "textures/blocks/hopper_outside",
                "textures/blocks/hopper_outside",
                "textures/blocks/hopper_outside",
                "textures/blocks/hopper_outside"
            ]
        },
        "observer_west": {
            "textures": [
                "textures/blocks/observer_side",
                "textures/blocks/observer_side_lit"
            ]
        },
        "observer_bottom": {
            "textures": [
                "textures/blocks/observer_top",
                "textures/blocks/observer_top_lit"
            ]
        },
        "hopper_top": {
            "textures": [
                "textures/blocks/hopper_top/hopper_top_down",
                "textures/blocks/hopper_top/hopper_top_up",
                "textures/blocks/hopper_top/hopper_top_north",
                "textures/blocks/hopper_top/hopper_top_south",
                "textures/blocks/hopper_top/hopper_top_west",
                "textures/blocks/hopper_top/hopper_top_east",
                "textures/blocks/hopper_top",
                "textures/blocks/hopper_top",
                "textures/blocks/hopper_top/hopper_top_down_powered",
                "textures/blocks/hopper_top/hopper_top_up_powered",
                "textures/blocks/hopper_top/hopper_top_north_powered",
                "textures/blocks/hopper_top/hopper_top_south_powered",
                "textures/blocks/hopper_top/hopper_top_west_powered",
                "textures/blocks/hopper_top/hopper_top_east_powered",
                "textures/blocks/hopper_top",
                "textures/blocks/hopper_top"
            ]
        },
        "void_block": {
            "textures": "textures/blocks/void"
        },
        "piston_top_sticky": {
            "textures": "textures/blocks/piston_top_sticky"
        },
        "observer_north": {
            "textures": [
                "textures/blocks/observer_front",
                "textures/blocks/observer_front_lit"
            ]
        },
        "hopper_outside_east": {
            "textures": [
                "textures/blocks/hopper_outside",
                "textures/blocks/hopper_outside",
                "textures/blocks/hopper_outside/hopper_outside_right",
                "textures/blocks/hopper_outside/hopper_outside_left",
                "textures/blocks/hopper_outside",
                "textures/blocks/hopper_outside",
                "textures/blocks/hopper_outside",
                "textures/blocks/hopper_outside",
                "textures/blocks/hopper_outside",
                "textures/blocks/hopper_outside",
                "textures/blocks/hopper_outside/hopper_outside_right_powered",
                "textures/blocks/hopper_outside/hopper_outside_left_powered",
                "textures/blocks/hopper_outside",
                "textures/blocks/hopper_outside",
                "textures/blocks/hopper_outside",
                "textures/blocks/hopper_outside"
            ]
        },
        "hopper_outside_north": {
            "textures": [
                "textures/blocks/hopper_outside",
                "textures/blocks/hopper_outside",
                "textures/blocks/hopper_outside",
                "textures/blocks/hopper_outside",
                "textures/blocks/hopper_outside/hopper_outside_right",
                "textures/blocks/hopper_outside/hopper_outside_left",
                "textures/blocks/hopper_outside",
                "textures/blocks/hopper_outside",
                "textures/blocks/hopper_outside",
                "textures/blocks/hopper_outside",
                "textures/blocks/hopper_outside",
                "textures/blocks/hopper_outside",
                "textures/blocks/hopper_outside/hopper_outside_right_powered",
                "textures/blocks/hopper_outside/hopper_outside_left_powered",
                "textures/blocks/hopper_outside",
                "textures/blocks/hopper_outside"
            ]
        },
        "observer_top": {
            "textures": [
                "textures/blocks/observer_top",
                "textures/blocks/observer_top_lit"
            ]
        },
        "piston_side_sticky": {
            "textures": "textures/blocks/piston_side_sticky"
        },
        "observer_east": {
            "textures": [
                "textures/blocks/observer_side",
                "textures/blocks/observer_side_lit"
            ]
        },
        "observer_south": {
            "textures": [
                "textures/blocks/observer_back",
                "textures/blocks/observer_back_lit"
            ]
        },
        "hopper_outside_south": {
            "textures": [
                "textures/blocks/hopper_outside",
                "textures/blocks/hopper_outside",
                "textures/blocks/hopper_outside",
                "textures/blocks/hopper_outside",
                "textures/blocks/hopper_outside/hopper_outside_left",
                "textures/blocks/hopper_outside/hopper_outside_right",
                "textures/blocks/hopper_outside",
                "textures/blocks/hopper_outside",
                "textures/blocks/hopper_outside",
                "textures/blocks/hopper_outside",
                "textures/blocks/hopper_outside",
                "textures/blocks/hopper_outside",
                "textures/blocks/hopper_outside/hopper_outside_left_powered",
                "textures/blocks/hopper_outside/hopper_outside_right_powered",
                "textures/blocks/hopper_outside",
                "textures/blocks/hopper_outside"
            ]
        }
    },
    "texture_name": "atlas.terrain",
    "num_mip_levels": 4
}