{
	"resource_pack_name": "MCBC addon pack v1",
	"texture_name": "atlas.items",
	"texture_data": {
		"rsc_grelic": {
			"textures": "textures/items/Relics/grelic"
		},
		"rsc_brelic": {
			"textures": "textures/items/Relics/brelic"
		},
		"rsc_rrelic": {
			"textures": "textures/items/Relics/rrelic"
		},
		"rsc_yrelic": {
			"textures": "textures/items/Relics/yrelic"
		},
		"orangehead": {
			"textures": "textures/mcbc/items/orangehead"
		},
		"purplehead": {
			"textures": "textures/mcbc/items/purplehead"
		},
		"greenhead": {
			"textures": "textures/mcbc/items/greenhead"
		},
		"yellowhead": {
			"textures": "textures/mcbc/items/yellowhead"
		},
		"redhead": {
			"textures": "textures/mcbc/items/redhead"
		},
		"bluehead": {
			"textures": "textures/mcbc/items/bluehead"
		}
	}
}