{
	"format_version": "1.12.0",
	"minecraft:geometry": [
		{
			"description": {
				"identifier": "geometry.bluehead",
				"texture_width": 64,
				"texture_height": 64,
				"visible_bounds_width": 3,
				"visible_bounds_height": 3.5,
				"visible_bounds_offset": [
					0,
					1.25,
					0
				]
			},
			"bones": [
				{
					"name": "waist",
					"pivot": [
						0,
						12,
						0
					]
				},
				{
					"name": "body",
					"parent": "waist",
					"pivot": [
						0,
						24,
						0
					]
				},
				{
					"name": "head",
					"parent": "body",
					"pivot": [
						0,
						24,
						0
					]
				},
				{
					"name": "Head2",
					"parent": "head",
					"pivot": [
						0,
						0,
						0
					],
					"cubes": [
						{
							"origin": [
								-5,
								23,
								-6
							],
							"size": [
								10,
								5,
								1
							],
							"uv": [
								24,
								20
							]
						},
						{
							"origin": [
								-5,
								28,
								-6
							],
							"size": [
								3,
								1,
								1
							],
							"uv": [
								0,
								0
							]
						},
						{
							"origin": [
								2,
								28,
								-6
							],
							"size": [
								3,
								1,
								1
							],
							"uv": [
								0,
								2
							]
						},
						{
							"origin": [
								-5,
								23,
								-5
							],
							"size": [
								10,
								10,
								10
							],
							"uv": [
								0,
								0
							]
						}
					]
				},
				{
					"name": "Eyes",
					"parent": "head",
					"pivot": [
						5,
						33,
						0
					],
					"cubes": [
						{
							"origin": [
								-7,
								31,
								-6
							],
							"size": [
								4,
								4,
								4
							],
							"pivot": [
								-5,
								33,
								0
							],
							"rotation": [
								0,
								0,
								-45
							],
							"uv": [
								30,
								0
							]
						},
						{
							"origin": [
								3,
								31,
								-6
							],
							"size": [
								4,
								4,
								4
							],
							"pivot": [
								5,
								33,
								0
							],
							"rotation": [
								0,
								0,
								45
							],
							"uv": [
								0,
								36
							]
						}
					]
				}
			]
		}
	]
}