{
	"format_version": "1.12.0",
	"minecraft:geometry": [
		{
			"description": {
				"identifier": "geometry.greenhead",
				"texture_width": 64,
				"texture_height": 64,
				"visible_bounds_width": 3,
				"visible_bounds_height": 3.5,
				"visible_bounds_offset": [
					0,
					1.25,
					0
				]
			},
			"bones": [
				{
					"name": "waist",
					"pivot": [
						0,
						12,
						0
					]
				},
				{
					"name": "body",
					"parent": "waist",
					"pivot": [
						0,
						24,
						0
					]
				},
				{
					"name": "head",
					"parent": "body",
					"pivot": [
						0,
						24,
						0
					],
					"cubes": [
						{
							"origin": [
								-5,
								23,
								-5
							],
							"size": [
								10,
								10,
								10
							],
							"uv": [
								0,
								0
							]
						}
					]
				},
				{
					"name": "beak",
					"parent": "head",
					"pivot": [
						0,
						27.5,
						-8
					],
					"cubes": [
						{
							"origin": [
								-4,
								25,
								-11
							],
							"size": [
								8,
								5,
								7
							],
							"pivot": [
								0,
								27.5,
								-8
							],
							"rotation": [
								10,
								0,
								0
							],
							"uv": [
								0,
								20
							]
						},
						{
							"origin": [
								-2,
								24,
								-10
							],
							"size": [
								5,
								4,
								6
							],
							"pivot": [
								0.5,
								25,
								-7.5
							],
							"rotation": [
								-2.5,
								0,
								0
							],
							"uv": [
								34,
								14
							]
						},
						{
							"origin": [
								-3,
								23,
								-13
							],
							"size": [
								6,
								6,
								3
							],
							"pivot": [
								0,
								26,
								-11.5
							],
							"rotation": [
								-27.5,
								0,
								0
							],
							"uv": [
								35,
								36
							]
						},
						{
							"origin": [
								-2,
								30,
								-7
							],
							"size": [
								4,
								1,
								3
							],
							"pivot": [
								0,
								27.5,
								-8
							],
							"rotation": [
								10,
								0,
								0
							],
							"uv": [
								40,
								10
							]
						}
					]
				},
				{
					"name": "feathers",
					"parent": "head",
					"pivot": [
						-4,
						32.21945,
						4.36838
					],
					"cubes": [
						{
							"origin": [
								-1,
								27.56159,
								-0.599
							],
							"size": [
								2,
								4,
								7
							],
							"pivot": [
								0,
								29.56159,
								3.401
							],
							"rotation": [
								-7.5,
								0,
								0
							],
							"uv": [
								17,
								36
							]
						},
						{
							"origin": [
								2,
								31.21945,
								0.36838
							],
							"size": [
								4,
								2,
								8
							],
							"pivot": [
								4,
								32.21945,
								4.36838
							],
							"rotation": [
								28.30005,
								26.94622,
								13.71217
							],
							"uv": [
								0,
								32
							]
						},
						{
							"origin": [
								-3,
								30.21945,
								0.36838
							],
							"size": [
								6,
								4,
								8
							],
							"pivot": [
								0,
								32.21945,
								4.36838
							],
							"rotation": [
								25,
								0,
								0
							],
							"uv": [
								22,
								24
							]
						},
						{
							"origin": [
								-6,
								31.21945,
								0.36838
							],
							"size": [
								4,
								2,
								8
							],
							"pivot": [
								-4,
								32.21945,
								4.36838
							],
							"rotation": [
								28.30005,
								-26.94622,
								-13.71217
							],
							"uv": [
								30,
								0
							]
						}
					]
				}
			]
		}
	]
}