{
	"format_version": "1.12.0",
	"minecraft:geometry": [
		{
			"description": {
				"identifier": "geometry.orangehead",
				"texture_width": 64,
				"texture_height": 64,
				"visible_bounds_width": 3,
				"visible_bounds_height": 3.5,
				"visible_bounds_offset": [
					0,
					1.25,
					0
				]
			},
			"bones": [
				{
					"name": "waist",
					"pivot": [
						0,
						12,
						0
					]
				},
				{
					"name": "body",
					"parent": "waist",
					"pivot": [
						0,
						24,
						0
					]
				},
				{
					"name": "head",
					"parent": "body",
					"pivot": [
						0,
						24,
						0
					],
					"cubes": [
						{
							"origin": [
								-5,
								23,
								-5
							],
							"size": [
								10,
								10,
								10
							],
							"uv": [
								0,
								0
							]
						}
					]
				},
				{
					"name": "bb_main",
					"parent": "head",
					"pivot": [
						0,
						0,
						0
					],
					"cubes": [
						{
							"origin": [
								-4,
								25,
								-7
							],
							"size": [
								8,
								3,
								3
							],
							"uv": [
								0,
								20
							]
						},
						{
							"origin": [
								-2,
								27,
								-7.5
							],
							"size": [
								4,
								2,
								4
							],
							"uv": [
								18,
								22
							]
						},
						{
							"origin": [
								1,
								25,
								-6
							],
							"size": [
								2.75,
								3,
								1
							],
							"pivot": [
								1.5,
								26.5,
								-5.5
							],
							"rotation": [
								0,
								0,
								65
							],
							"uv": [
								0,
								4
							]
						},
						{
							"origin": [
								-3.75,
								25,
								-6
							],
							"size": [
								2.75,
								3,
								1
							],
							"pivot": [
								-1.5,
								26.5,
								-5.5
							],
							"rotation": [
								0,
								0,
								-65
							],
							"uv": [
								0,
								0
							]
						},
						{
							"origin": [
								4,
								29,
								-2
							],
							"size": [
								3,
								3,
								3
							],
							"pivot": [
								5.5,
								30.5,
								-0.5
							],
							"rotation": [
								0,
								0,
								-15
							],
							"uv": [
								12,
								28
							]
						},
						{
							"origin": [
								-7,
								29,
								-2
							],
							"size": [
								3,
								3,
								3
							],
							"pivot": [
								-5.5,
								30.5,
								-0.5
							],
							"rotation": [
								0,
								0,
								15
							],
							"uv": [
								0,
								26
							]
						}
					]
				}
			]
		}
	]
}