{
	"format_version": "1.12.0",
	"minecraft:geometry": [
		{
			"description": {
				"identifier": "geometry.purplehead",
				"texture_width": 64,
				"texture_height": 64,
				"visible_bounds_width": 3,
				"visible_bounds_height": 3.5,
				"visible_bounds_offset": [
					0,
					1.25,
					0
				]
			},
			"bones": [
				{
					"name": "waist",
					"pivot": [
						0,
						12,
						0
					]
				},
				{
					"name": "body",
					"parent": "waist",
					"pivot": [
						0,
						24,
						0
					]
				},
				{
					"name": "head",
					"parent": "body",
					"pivot": [
						0,
						24,
						0
					],
					"cubes": [
						{
							"origin": [
								-5,
								23,
								-5
							],
							"size": [
								10,
								10,
								10
							],
							"uv": [
								0,
								0
							]
						},
						{
							"origin": [
								-3,
								25,
								-7
							],
							"size": [
								6,
								4,
								4
							],
							"pivot": [
								0,
								26.5,
								-5.5
							],
							"rotation": [
								-45,
								0,
								0
							],
							"uv": [
								0,
								20
							]
						},
						{
							"origin": [
								-4,
								25,
								-6
							],
							"size": [
								8,
								3,
								2
							],
							"uv": [
								20,
								20
							]
						}
					]
				}
			]
		}
	]
}