{
	"format_version": "1.12.0",
	"minecraft:geometry": [
		{
			"description": {
				"identifier": "geometry.redhead",
				"texture_width": 64,
				"texture_height": 64,
				"visible_bounds_width": 3,
				"visible_bounds_height": 3.5,
				"visible_bounds_offset": [
					0,
					1.25,
					0
				]
			},
			"bones": [
				{
					"name": "waist",
					"pivot": [
						0,
						12,
						0
					]
				},
				{
					"name": "body",
					"parent": "waist",
					"pivot": [
						0,
						24,
						0
					]
				},
				{
					"name": "head",
					"parent": "body",
					"pivot": [
						0,
						24,
						0
					]
				},
				{
					"name": "Nose",
					"parent": "head",
					"pivot": [
						0,
						0,
						0
					],
					"cubes": [
						{
							"origin": [
								-2,
								28,
								-6
							],
							"size": [
								4,
								1,
								1
							],
							"uv": [
								0,
								0
							]
						},
						{
							"origin": [
								-3,
								24,
								-8
							],
							"size": [
								6,
								4,
								3
							],
							"uv": [
								30,
								0
							]
						}
					]
				},
				{
					"name": "Head2",
					"parent": "head",
					"pivot": [
						-5,
						25.92893,
						0
					],
					"cubes": [
						{
							"origin": [
								-5,
								23,
								-5
							],
							"size": [
								10,
								10,
								10
							],
							"uv": [
								0,
								0
							]
						},
						{
							"origin": [
								3,
								23.92893,
								-4
							],
							"size": [
								4,
								4,
								8
							],
							"pivot": [
								5,
								25.92893,
								0
							],
							"rotation": [
								0,
								0,
								45
							],
							"uv": [
								16,
								24
							]
						},
						{
							"origin": [
								-7,
								23.92893,
								-4
							],
							"size": [
								4,
								4,
								8
							],
							"pivot": [
								-5,
								25.92893,
								0
							],
							"rotation": [
								0,
								0,
								-45
							],
							"uv": [
								0,
								20
							]
						}
					]
				},
				{
					"name": "Ears",
					"parent": "head",
					"pivot": [
						3,
						34.5,
						-2.5
					],
					"cubes": [
						{
							"origin": [
								-6,
								32,
								-4
							],
							"size": [
								4,
								4,
								3
							],
							"pivot": [
								-3,
								34.5,
								-2.5
							],
							"rotation": [
								0,
								0,
								-22.5
							],
							"uv": [
								0,
								32
							]
						},
						{
							"origin": [
								2,
								32,
								-4
							],
							"size": [
								4,
								4,
								3
							],
							"pivot": [
								3,
								34.5,
								-2.5
							],
							"rotation": [
								0,
								0,
								22.5
							],
							"uv": [
								32,
								20
							]
						}
					]
				}
			]
		}
	]
}